-- ============================================================
-- ULKATCHO FIRST NATION — Seed Data
-- Run this AFTER setup-db.sql
-- ============================================================

-- JOBS: Community positions
INSERT INTO jobs (title, slug, department, type, location, posted_date, closing_date, description, requirements, contact_email, contact_ext, is_partner, sort_order) VALUES
('Director of Child, Family & Social Development', 'director-of-child-family-social-development', 'Various', 'Full Time', 'Anahim Lake, BC', '2025-12-01', NULL, 'Full job description and requirements will be available soon. Ulkatcho First Nation gives priority consideration to qualified Ulkatcho First Nation members for all employment opportunities.', '{}', 'OperationsManager@ulkatcho.ca', '218', false, 1),
('Sub Cleaner for Clinic', 'sub-cleaner-for-clinic', 'Various', 'Full Time', 'Anahim Lake, BC', '2025-12-01', NULL, 'Full job description and requirements will be available soon. Ulkatcho First Nation gives priority consideration to qualified Ulkatcho First Nation members for all employment opportunities.', '{}', 'OperationsManager@ulkatcho.ca', '218', false, 2),
('Social Worker (Bachelors)', 'social-worker-bachelors', 'Various', 'Full Time', 'Anahim Lake, BC', '2025-12-01', NULL, 'Full job description and requirements will be available soon. Ulkatcho First Nation gives priority consideration to qualified Ulkatcho First Nation members for all employment opportunities.', '{}', 'OperationsManager@ulkatcho.ca', '218', false, 3),
('Sub Cleaner for Band Office', 'sub-cleaner-for-band-office', 'Various', 'Full Time', 'Anahim Lake, BC', '2025-12-01', NULL, 'Full job description and requirements will be available soon. Ulkatcho First Nation gives priority consideration to qualified Ulkatcho First Nation members for all employment opportunities.', '{}', 'OperationsManager@ulkatcho.ca', '218', false, 4),
('Ulkatcho First Nation Youth Council', 'ulkatcho-first-nation-youth-council', 'Various', 'Full Time', 'Anahim Lake, BC', '2025-12-01', NULL, 'Full job description and requirements will be available soon. Ulkatcho First Nation gives priority consideration to qualified Ulkatcho First Nation members for all employment opportunities.', '{}', 'OperationsManager@ulkatcho.ca', '218', false, 5),
('Sub – Nutritionist/Custodian', 'sub-nutritionist-custodian', 'Various', 'Full Time', 'Anahim Lake, BC', '2025-12-01', NULL, 'Full job description and requirements will be available soon. Ulkatcho First Nation gives priority consideration to qualified Ulkatcho First Nation members for all employment opportunities.', '{}', 'OperationsManager@ulkatcho.ca', '218', false, 6),
('Casual Field Laborers /Supervisors', 'casual-field-laborers-supervisors', 'Various', 'Full Time', 'Anahim Lake, BC', '2025-12-01', NULL, 'Full job description and requirements will be available soon. Ulkatcho First Nation gives priority consideration to qualified Ulkatcho First Nation members for all employment opportunities.', '{}', 'OperationsManager@ulkatcho.ca', '218', false, 7),
('Daycare Sub', 'daycare-sub', 'Various', 'Full Time', 'Anahim Lake, BC', '2025-12-01', NULL, 'Full job description and requirements will be available soon. Ulkatcho First Nation gives priority consideration to qualified Ulkatcho First Nation members for all employment opportunities.', '{}', 'OperationsManager@ulkatcho.ca', '218', false, 8),
('Education Assistant Sub', 'education-assistant-sub', 'Various', 'Full Time', 'Anahim Lake, BC', '2025-12-01', NULL, 'Full job description and requirements will be available soon. Ulkatcho First Nation gives priority consideration to qualified Ulkatcho First Nation members for all employment opportunities.', '{}', 'OperationsManager@ulkatcho.ca', '218', false, 9),
('Whitebark Pine Technician', 'whitebark-pine-technician', 'Various', 'Full Time', 'Anahim Lake, BC', '2025-12-01', NULL, 'Full job description and requirements will be available soon. Ulkatcho First Nation gives priority consideration to qualified Ulkatcho First Nation members for all employment opportunities.', '{}', 'OperationsManager@ulkatcho.ca', '218', false, 10),
('Ulkatcho Fire Chief', 'ulkatcho-fire-chief', 'Various', 'Full Time', 'Anahim Lake, BC', '2025-12-01', NULL, 'Full job description and requirements will be available soon. Ulkatcho First Nation gives priority consideration to qualified Ulkatcho First Nation members for all employment opportunities.', '{}', 'OperationsManager@ulkatcho.ca', '218', false, 11),
('Medical Van Driver Clinic', 'medical-van-driver-clinic', 'Various', 'Full Time', 'Anahim Lake, BC', '2025-12-01', NULL, 'Full job description and requirements will be available soon. Ulkatcho First Nation gives priority consideration to qualified Ulkatcho First Nation members for all employment opportunities.', '{}', 'OperationsManager@ulkatcho.ca', '218', false, 12),
('Renovation Team Members', 'renovation-team-members', 'Various', 'Full Time', 'Anahim Lake, BC', '2025-12-01', NULL, 'Full job description and requirements will be available soon. Ulkatcho First Nation gives priority consideration to qualified Ulkatcho First Nation members for all employment opportunities.', '{}', 'OperationsManager@ulkatcho.ca', '218', false, 13),
('UFN Repair and Maintenance Worker', 'ufn-repair-and-maintenance-worker', 'Various', 'Full Time', 'Anahim Lake, BC', '2025-12-01', NULL, 'Full job description and requirements will be available soon. Ulkatcho First Nation gives priority consideration to qualified Ulkatcho First Nation members for all employment opportunities.', '{}', 'OperationsManager@ulkatcho.ca', '218', false, 14),
('Temporary On-Call Positions', 'temporary-on-call-positions', 'Various', 'Full Time', 'Anahim Lake, BC', '2025-12-01', NULL, 'Full job description and requirements will be available soon. Ulkatcho First Nation gives priority consideration to qualified Ulkatcho First Nation members for all employment opportunities.', '{}', 'OperationsManager@ulkatcho.ca', '218', false, 15),
('Drug and Alcohol Worker', 'drug-and-alcohol-worker', 'Various', 'Full Time', 'Anahim Lake, BC', '2025-12-01', NULL, 'Full job description and requirements will be available soon. Ulkatcho First Nation gives priority consideration to qualified Ulkatcho First Nation members for all employment opportunities.', '{}', 'OperationsManager@ulkatcho.ca', '218', false, 16),
('Chunta Board of Directors', 'chunta-board-of-directors', 'Various', 'Full Time', 'Anahim Lake, BC', '2025-12-01', NULL, 'Full job description and requirements will be available soon. Ulkatcho First Nation gives priority consideration to qualified Ulkatcho First Nation members for all employment opportunities.', '{}', 'OperationsManager@ulkatcho.ca', '218', false, 17),
('Community Nurse', 'community-nurse', 'Various', 'Full Time', 'Anahim Lake, BC', '2025-12-01', NULL, 'Full job description and requirements will be available soon. Ulkatcho First Nation gives priority consideration to qualified Ulkatcho First Nation members for all employment opportunities.', '{}', 'OperationsManager@ulkatcho.ca', '218', false, 18),
('Homemaker', 'homemaker', 'Various', 'Full Time', 'Anahim Lake, BC', '2025-12-01', NULL, 'Full job description and requirements will be available soon. Ulkatcho First Nation gives priority consideration to qualified Ulkatcho First Nation members for all employment opportunities.', '{}', 'OperationsManager@ulkatcho.ca', '218', false, 19),
('Primary Cleaner Clinic', 'primary-cleaner-clinic', 'Various', 'Full Time', 'Anahim Lake, BC', '2025-12-01', NULL, 'Full job description and requirements will be available soon. Ulkatcho First Nation gives priority consideration to qualified Ulkatcho First Nation members for all employment opportunities.', '{}', 'OperationsManager@ulkatcho.ca', '218', false, 20),
('Mental Health Worker', 'mental-health-worker', 'Various', 'Full Time', 'Anahim Lake, BC', '2025-12-01', NULL, 'Full job description and requirements will be available soon. Ulkatcho First Nation gives priority consideration to qualified Ulkatcho First Nation members for all employment opportunities.', '{}', 'OperationsManager@ulkatcho.ca', '218', false, 21),
('Care Aid', 'care-aid', 'Various', 'Full Time', 'Anahim Lake, BC', '2025-12-01', NULL, 'Full job description and requirements will be available soon. Ulkatcho First Nation gives priority consideration to qualified Ulkatcho First Nation members for all employment opportunities.', '{}', 'OperationsManager@ulkatcho.ca', '218', false, 22),
('Water and Wastewater System Operator', 'water-and-wastewater-system-operator', 'Various', 'Full Time', 'Anahim Lake, BC', '2025-12-01', NULL, 'Full job description and requirements will be available soon. Ulkatcho First Nation gives priority consideration to qualified Ulkatcho First Nation members for all employment opportunities.', '{}', 'OperationsManager@ulkatcho.ca', '218', false, 23),
('Chunta Resource Manager', 'chunta-resource-manager', 'Various', 'Full Time', 'Anahim Lake, BC', '2025-12-01', NULL, 'Full job description and requirements will be available soon. Ulkatcho First Nation gives priority consideration to qualified Ulkatcho First Nation members for all employment opportunities.', '{}', 'OperationsManager@ulkatcho.ca', '218', false, 24),
('Social Development Outreach Worker', 'social-development-outreach-worker', 'Various', 'Full Time', 'Anahim Lake, BC', '2025-12-01', NULL, 'Full job description and requirements will be available soon. Ulkatcho First Nation gives priority consideration to qualified Ulkatcho First Nation members for all employment opportunities.', '{}', 'OperationsManager@ulkatcho.ca', '218', false, 25),
('Social Development Intake Worker', 'social-development-intake-worker', 'Various', 'Full Time', 'Anahim Lake, BC', '2025-12-01', NULL, 'Full job description and requirements will be available soon. Ulkatcho First Nation gives priority consideration to qualified Ulkatcho First Nation members for all employment opportunities.', '{}', 'OperationsManager@ulkatcho.ca', '218', false, 26);

-- JOBS: Partner opportunities
INSERT INTO jobs (title, slug, department, type, location, posted_date, description, contact_email, is_partner, partner_name, partner_url, sort_order) VALUES
('Artemis Gold — Current Careers', 'artemis-gold-careers', 'Partner', 'Full Time', 'Blackwater Gold Project', '2025-01-01', 'Browse current employment opportunities at Artemis Gold''s Blackwater Gold Project and other operations.', 'OperationsManager@ulkatcho.ca', true, 'Artemis Gold', 'https://artemisgoldinc.com/careers/current-opportunities/', 100),
('Artemis Gold — Business Directory', 'artemis-gold-business-directory', 'Partner', 'Full Time', 'Blackwater Gold Project', '2025-01-01', 'Explore business opportunities and the community business directory for the Blackwater Gold Project area.', 'OperationsManager@ulkatcho.ca', true, 'Artemis Gold', 'http://artemisgoldinc.com/blackwater-community/business-directory/', 101);

-- COUNCIL MEMBERS
INSERT INTO council_members (name, email, role, sort_order) VALUES
('Chief Derech Sill', 'chief@ulkatcho.ca', 'Chief', 1),
('Councillor Breanna Charleyboy', 'breannacharleyboy@ulkatcho.ca', 'Councillor', 2),
('Councillor Brad Jimmie', 'bradleyjimmie@ulkatcho.ca', 'Councillor', 3),
('Councillor Stella West', 'stellawest@ulkatcho.ca', 'Councillor', 4),
('Councillor Lorne Cahoose', 'lornecahoose@ulkatcho.ca', 'Councillor', 5),
('Councillor Corinne Cahoose', 'ccahoose@ulkatcho.ca', 'Councillor', 6);

-- DEPARTMENTS
INSERT INTO departments (id, heading, sort_order) VALUES
('d1000000-0000-0000-0000-000000000001', 'Education Department', 1),
('d1000000-0000-0000-0000-000000000002', 'Housing & Capital Works', 2),
('d1000000-0000-0000-0000-000000000003', 'Health Clinic', 3),
('d1000000-0000-0000-0000-000000000004', 'Natural Resources', 4),
('d1000000-0000-0000-0000-000000000005', 'Administration', 5),
('d1000000-0000-0000-0000-000000000006', 'Finance', 6),
('d1000000-0000-0000-0000-000000000007', 'Social Development / Family And Children', 7),
('d1000000-0000-0000-0000-000000000008', 'Indian Registry', 8);

INSERT INTO department_staff (department_id, name, title, phone, email, sort_order) VALUES
('d1000000-0000-0000-0000-000000000001', 'Joy Holte', 'Director of Education', '250-742-3260 Ext. 210', 'educationdirector@ulkatcho.ca', 1),
('d1000000-0000-0000-0000-000000000001', 'Corrine Cahoose', 'Post Secondary', '250-742-3260 Ext. 209', 'postsecondary@ulkatcho.ca', 2),
('d1000000-0000-0000-0000-000000000001', '', 'K – 12 Education Liaison', '250-742-3260 Ext. 212', 'k-12liaison@ulkatcho.ca', 3),
('d1000000-0000-0000-0000-000000000002', 'Omid Zareian', 'Asset Manager', '250-742-3288 ext. 208', 'assets@ulkatcho.ca', 1),
('d1000000-0000-0000-0000-000000000003', '', 'Director of Health', '250-742-2090', 'healthdirector@ulkatcho.ca', 1),
('d1000000-0000-0000-0000-000000000004', 'Alyisha Knapp', 'Director of Natural Resources', '250-742-3288 ext 205', 'naturalresources@ulkatcho.ca', 1),
('d1000000-0000-0000-0000-000000000004', 'Breanna Charleyboy', 'Referrals Officer', '250-742-3288 ext 221', 'referrals@ulkatcho.ca', 2),
('d1000000-0000-0000-0000-000000000005', '', 'Band Manager', '250-742-3288 Ext. 218', 'OperationsManager@ulkatcho.ca', 1),
('d1000000-0000-0000-0000-000000000006', '', 'Director of Finance', '250-742-3288 Ext. 202', 'financedirector@ulkatcho.ca', 1),
('d1000000-0000-0000-0000-000000000007', 'Clara Cahoose', 'Social Assistant Clerk', '250-742-3260 Ext. 215', 'saintake@ulkatcho.ca', 1),
('d1000000-0000-0000-0000-000000000008', 'Liz Anderson', 'Indian Registry Administrator', '250-742-3288 Ext. 220', 'landerson@ulkatcho.ca', 1);

-- RESOURCES (all 39 documents)
INSERT INTO resources (title, url, file_type, category, sort_order) VALUES
('BCR: Health Evaluation Plan Approved', 'https://d2xsxph8kpxj0f.cloudfront.net/310519663407421710/HuB3H4eV9r4w4hwe36fKPd/BCR%202024-74%20UFN%20HEALTH%20AND%20WELLNESS%20EVALUATION%20PLAN%20FINALIZED_19f42b4a.pdf', 'PDF', 'Governance & Council', 1),
('BCR: Health Governance Appointments', 'https://d2xsxph8kpxj0f.cloudfront.net/310519663407421710/HuB3H4eV9r4w4hwe36fKPd/BCR%202024-75%20UFN%20HEALTH%20GOVERNANCE%20APPOINTMENTS%20TO%20IRNE%20AND%20IRNTT%20_c98daa45.pdf', 'PDF', 'Governance & Council', 2),
('Letter from Chief and Council', 'https://d2xsxph8kpxj0f.cloudfront.net/310519663407421710/HuB3H4eV9r4w4hwe36fKPd/UFN%20COMMUNITY%20LETTER%20FROM%20UFN%20CHIEF%20AND%20COUNCIL_8d7ea219.pdf', 'PDF', 'Governance & Council', 3),
('State of Emergency Declaration', 'https://d2xsxph8kpxj0f.cloudfront.net/310519663407421710/HuB3H4eV9r4w4hwe36fKPd/Ulkatcho%20First%20Nation%20Declare%20State%20Of%20Emergency_a726c1a9.pdf', 'PDF', 'Governance & Council', 4),
('Family Advisory Committee Registry', 'https://d2xsxph8kpxj0f.cloudfront.net/310519663407421710/HuB3H4eV9r4w4hwe36fKPd/Ulkatcho%20Family%20Advisory%20Committee%20Registry_a797ef6d.pdf', 'PDF', 'Governance & Council', 5),
('Referral Submission Form', 'https://d2xsxph8kpxj0f.cloudfront.net/310519663407421710/HuB3H4eV9r4w4hwe36fKPd/Referral%20Submission_1d78c819.pdf', 'PDF', 'Governance & Council', 6),
('Strategic Plan Key Elements', 'https://d2xsxph8kpxj0f.cloudfront.net/310519663407421710/HuB3H4eV9r4w4hwe36fKPd/KEY%20ELEMENTS%20OF%20THE%20ULKATCHO%20STRATEGIC%20PLAN_8e7bc726.pdf', 'PDF', 'Plans, Policies & Reports', 1),
('Total Resource Plan Summary', 'https://d2xsxph8kpxj0f.cloudfront.net/310519663407421710/HuB3H4eV9r4w4hwe36fKPd/Total%20Resource%20Plan%20Anahim%20Timber%20Supply%20Block%20Executive%20Summary_23772fe1.pdf', 'PDF', 'Plans, Policies & Reports', 2),
('Regional Resource Plan Summary', 'https://d2xsxph8kpxj0f.cloudfront.net/310519663407421710/HuB3H4eV9r4w4hwe36fKPd/Total%20Resource%20Plan%20-%20Quesnel%20and%20Stuart-Nechako%20Natural%20Resource%20Districts%20Executive%20Summary_9cfc2916.pdf', 'PDF', 'Plans, Policies & Reports', 3),
('Resource Plan Map Instructions', 'https://d2xsxph8kpxj0f.cloudfront.net/310519663407421710/HuB3H4eV9r4w4hwe36fKPd/Total%20Resource%20Plan%20Layered%20Map%20Instructions%20for%20Downloading%2C%20Saving%20on%20Your%20Computer%20and%20Viewing%20Map%20Layers_b2e8cffa.pdf', 'PDF', 'Plans, Policies & Reports', 4),
('2025 Wildfire After Action Review', 'https://d2xsxph8kpxj0f.cloudfront.net/310519663407421710/HuB3H4eV9r4w4hwe36fKPd/2025%20Wildfire%20Season%20External%20After%20Action%20Review_411bd35e.pdf', 'PDF', 'Plans, Policies & Reports', 5),
('Blackwater Project Overview', 'https://d2xsxph8kpxj0f.cloudfront.net/310519663407421710/HuB3H4eV9r4w4hwe36fKPd/Artemis%20Gold%20-%20Blackwater%20Project_d2d68219.pdf', 'PDF', 'Plans, Policies & Reports', 6),
('Dog Control By-Law', 'https://d2xsxph8kpxj0f.cloudfront.net/310519663407421710/HuB3H4eV9r4w4hwe36fKPd/Click%20here%20to%20view%20Animal%20%28Dog%29%20By-Law_a674c5ba.pdf', 'PDF', 'Plans, Policies & Reports', 7),
('News Releases', 'https://d2xsxph8kpxj0f.cloudfront.net/310519663407421710/HuB3H4eV9r4w4hwe36fKPd/NEWS%20RELEASES_0a6860aa.pdf', 'PDF', 'News Releases & Notices', 1),
('Re-Entry Notice — Sept 2025', 'https://d2xsxph8kpxj0f.cloudfront.net/310519663407421710/HuB3H4eV9r4w4hwe36fKPd/Ulkatcho%20First%20Nation%20Re-Entry%20Notice%20%E2%80%93%20September%2016%2C%202025_ee5fe885.pdf', 'PDF', 'News Releases & Notices', 2),
('Holiday Member Distribution Notice', 'https://d2xsxph8kpxj0f.cloudfront.net/310519663407421710/HuB3H4eV9r4w4hwe36fKPd/2023%20Ulkatcho%20First%20Nation%20Holiday%20Member%20Distribution_5d8408de.pdf', 'PDF', 'News Releases & Notices', 3),
('Wildfire Updates — 2023', 'https://d2xsxph8kpxj0f.cloudfront.net/310519663407421710/HuB3H4eV9r4w4hwe36fKPd/WILDFIRE%20UPDATES%202023_2d5ea2de.pdf', 'PDF', 'News Releases & Notices', 4),
('Wildfire Q&A Guide', 'https://d2xsxph8kpxj0f.cloudfront.net/310519663407421710/HuB3H4eV9r4w4hwe36fKPd/WILDFIRES%20AND%20FIRST%20NATIONS%20COMMUNITIES%20%20QUESTIONS%20%26%20ANSWERS_41a20d84.pdf', 'PDF', 'News Releases & Notices', 5),
('Newsletter — Nov 2021', 'https://d2xsxph8kpxj0f.cloudfront.net/310519663407421710/HuB3H4eV9r4w4hwe36fKPd/November%202021%20Newsletter_10b4dec9.pdf', 'PDF', 'Newsletters', 1),
('Newsletter — Dec 2021', 'https://d2xsxph8kpxj0f.cloudfront.net/310519663407421710/HuB3H4eV9r4w4hwe36fKPd/Ulkatcho%20First%20Nations%20Newsletter%20December%202021_0877bbfe.pdf', 'PDF', 'Newsletters', 2),
('Newsletter — 2022', 'https://d2xsxph8kpxj0f.cloudfront.net/310519663407421710/HuB3H4eV9r4w4hwe36fKPd/ULKATCHO%20FIRST%20NATION%20NEWSLETTER%202022_c84d56f0.pdf', 'PDF', 'Newsletters', 3),
('Clinic News — May/Jun 2023', 'https://d2xsxph8kpxj0f.cloudfront.net/310519663407421710/HuB3H4eV9r4w4hwe36fKPd/Ulkatcho%20Clinic%20News%20-%20May%3AJune%202023_d4dd5b4c.pdf', 'PDF', 'Newsletters', 4),
('Companies Newsletter — Fall 2024', 'https://d2xsxph8kpxj0f.cloudfront.net/310519663407421710/HuB3H4eV9r4w4hwe36fKPd/Ulkatcho%20Group%20Of%20Companies%20Newsletter%20-%20Fall%202024_436bb10d.pdf', 'PDF', 'Newsletters', 5),
('Newsletter — Jul 2025', 'https://d2xsxph8kpxj0f.cloudfront.net/310519663407421710/HuB3H4eV9r4w4hwe36fKPd/Ulkatcho%20First%20Nation%20Newsletter%20July%202025_705a3ade.pdf', 'PDF', 'Newsletters', 6),
('Newsletter — Oct 2025', 'https://d2xsxph8kpxj0f.cloudfront.net/310519663407421710/HuB3H4eV9r4w4hwe36fKPd/Ulkatcho%20First%20Nation%20Newsletter%20October%202025_494b2368.pdf', 'PDF', 'Newsletters', 7),
('UGoC Newsletter — Aug 2025', 'https://d2xsxph8kpxj0f.cloudfront.net/310519663407421710/HuB3H4eV9r4w4hwe36fKPd/UGoC%20Newsletter%20August%202025_7188f724.pdf', 'PDF', 'Newsletters', 8),
('UGoC Newsletter — Nov 2025', 'https://d2xsxph8kpxj0f.cloudfront.net/310519663407421710/HuB3H4eV9r4w4hwe36fKPd/UGoC%20Newsletter%20November%202025_d81aca55.pdf', 'PDF', 'Newsletters', 9),
('2023 Election Overview', 'https://d2xsxph8kpxj0f.cloudfront.net/310519663407421710/HuB3H4eV9r4w4hwe36fKPd/2023%20CHIEF%20AND%20COUNCIL%20ELECTION_bc6c7897.pdf', 'PDF', 'Elections', 1),
('2023 Election Notice', 'https://d2xsxph8kpxj0f.cloudfront.net/310519663407421710/HuB3H4eV9r4w4hwe36fKPd/Ulkatcho%20Election%202023_cb6334b6.pdf', 'PDF', 'Elections', 2),
('2025 Election Results', 'https://d2xsxph8kpxj0f.cloudfront.net/310519663407421710/HuB3H4eV9r4w4hwe36fKPd/Election%20Results%2C%20April%2029%2C%202025_d650069d.pdf', 'PDF', 'Elections', 3),
('Nomination Results — Mar 18, 2025', 'https://d2xsxph8kpxj0f.cloudfront.net/310519663407421710/HuB3H4eV9r4w4hwe36fKPd/Nomination%20Meeting%20Results%20March%2018%2C%202025_1ce4120a.pdf', 'PDF', 'Elections', 4),
('Nominee Package — Mar 19, 2025', 'https://d2xsxph8kpxj0f.cloudfront.net/310519663407421710/HuB3H4eV9r4w4hwe36fKPd/Nominee%20Package%20March%2019%2C%202025_5d2cf242.pdf', 'PDF', 'Elections', 5),
('Candidate Notice — Mar 20, 2025', 'https://d2xsxph8kpxj0f.cloudfront.net/310519663407421710/HuB3H4eV9r4w4hwe36fKPd/Notice%20Of%20Candidates%20On%20Ballot%20March%2020%2C%202025_e22d8d84.pdf', 'PDF', 'Elections', 6),
('Candidate Notice — Mar 26, 2025', 'https://d2xsxph8kpxj0f.cloudfront.net/310519663407421710/HuB3H4eV9r4w4hwe36fKPd/Notice%20Of%20Candidates%20On%20Ballot%20March%2026%2C%202025_0d20f589.pdf', 'PDF', 'Elections', 7),
('2025 Notice of Polls', 'https://d2xsxph8kpxj0f.cloudfront.net/310519663407421710/HuB3H4eV9r4w4hwe36fKPd/Ulkatcho%20Election%202025%20Notice%20Of%20Polls_804b2a0f.pdf', 'PDF', 'Elections', 8),
('Voting Procedures — Apr 29, 2025', 'https://d2xsxph8kpxj0f.cloudfront.net/310519663407421710/HuB3H4eV9r4w4hwe36fKPd/Voting%20Procedures%20April%2029%2C%202025_f92d73d2.pdf', 'PDF', 'Elections', 9),
('Join Our Team', 'https://d2xsxph8kpxj0f.cloudfront.net/310519663407421710/HuB3H4eV9r4w4hwe36fKPd/JOIN%20OUR%20TEAM_9f97900e.pdf', 'PDF', 'Community Programs', 1),
('Youth Empowerment 2025', 'https://d2xsxph8kpxj0f.cloudfront.net/310519663407421710/HuB3H4eV9r4w4hwe36fKPd/Youth%20Empowerment%202025_4d64f20f.png', 'PNG', 'Community Programs', 2),
('Clean Energy Project Announcement', 'https://d2xsxph8kpxj0f.cloudfront.net/310519663407421710/HuB3H4eV9r4w4hwe36fKPd/Ulkatcho%20Energy%20Corporation%20Embarks%20On%20Clean%20Energy%20Generation%20In%20Anahim%20Lake_7cd276c6.pdf', 'PDF', 'Community Programs', 3),
('Education Department Overview', 'https://d2xsxph8kpxj0f.cloudfront.net/310519663407421710/HuB3H4eV9r4w4hwe36fKPd/Education%20Department_823e8074.pdf', 'PDF', 'Community Programs', 4),
('Five Alliance Agreements Signed', 'https://d2xsxph8kpxj0f.cloudfront.net/310519663407421710/HuB3H4eV9r4w4hwe36fKPd/THE%20ULKATCHO%20GROUP%20OF%20COMPANIES%20SIGNS%20FIVE%20ALLIANCE%20AGREEMENTS_8a21219a.pdf', 'PDF', 'Business & Economic Development', 1),
('New Gold Share Update — 2025', 'https://d2xsxph8kpxj0f.cloudfront.net/310519663407421710/HuB3H4eV9r4w4hwe36fKPd/NEW%20GOLD%20SHARE%20UPDATED%20-%202025_55456af7.pdf', 'PDF', 'Business & Economic Development', 2);
